ID,Name,Time
1,ID 1,2025-10-08 17:30:26
1,ID 1,2025-10-08 17:30:26
1,ID 1,2025-10-08 17:30:26
0,ID 0,2025-10-08 17:30:26
1,ID 1,2025-10-08 17:30:26
1,ID 1,2025-10-08 17:30:26
1,ID 1,2025-10-08 17:30:26
1,ID 1,2025-10-08 17:30:26
1,ID 1,2025-10-08 17:30:27
0,ID 0,2025-10-08 17:30:27
0,ID 0,2025-10-08 17:30:27
0,ID 0,2025-10-08 17:30:27
1,ID 1,2025-10-08 17:30:27
0,ID 0,2025-10-08 17:30:28
0,ID 0,2025-10-08 17:30:33
0,ID 0,2025-10-08 17:30:34
0,ID 0,2025-10-08 17:30:34
0,ID 0,2025-10-08 17:30:34
0,ID 0,2025-10-08 17:30:34
1,ID 1,2025-10-08 17:30:34
1,ID 1,2025-10-08 17:30:34
1,ID 1,2025-10-08 17:30:34
0,ID 0,2025-10-08 17:30:34
1,ID 1,2025-10-08 17:30:34
1,ID 1,2025-10-08 17:30:34
1,ID 1,2025-10-08 17:30:34
1,ID 1,2025-10-08 17:30:34
1,ID 1,2025-10-08 17:30:34
1,ID 1,2025-10-08 17:30:34
1,ID 1,2025-10-08 17:30:34
1,ID 1,2025-10-08 17:30:34
1,ID 1,2025-10-08 17:30:34
1,ID 1,2025-10-08 17:30:34
1,ID 1,2025-10-08 17:30:34
1,ID 1,2025-10-08 17:30:34
1,ID 1,2025-10-08 17:30:34
0,ID 0,2025-10-08 17:30:35
0,ID 0,2025-10-08 17:30:35
0,ID 0,2025-10-08 17:30:35
1,ID 1,2025-10-08 17:30:35
1,ID 1,2025-10-08 17:30:35
0,ID 0,2025-10-08 17:30:35
0,ID 0,2025-10-08 17:30:35
0,ID 0,2025-10-08 17:30:35
0,ID 0,2025-10-08 17:30:35
1,ID 1,2025-10-08 17:30:35
1,ID 1,2025-10-08 17:30:35
1,ID 1,2025-10-08 17:30:38
1,ID 1,2025-10-08 17:31:03
0,ID 0,2025-10-08 17:31:03
1,ID 1,2025-10-08 17:31:03
1,ID 1,2025-10-08 17:31:03
1,ID 1,2025-10-08 17:31:03
1,ID 1,2025-10-08 17:31:03
1,ID 1,2025-10-08 17:31:03
1,ID 1,2025-10-08 17:31:03
1,ID 1,2025-10-08 17:31:03
1,ID 1,2025-10-08 17:31:03
1,ID 1,2025-10-08 17:31:03
0,ID 0,2025-10-08 17:31:03
0,ID 0,2025-10-08 17:31:03
0,ID 0,2025-10-08 17:31:03
0,ID 0,2025-10-08 17:31:03
0,ID 0,2025-10-08 17:31:03
1,ID 1,2025-10-08 17:31:03
1,ID 1,2025-10-08 17:31:03
0,ID 0,2025-10-08 17:31:03
0,ID 0,2025-10-08 17:31:03
1,ID 1,2025-10-08 17:31:03
1,ID 1,2025-10-08 17:31:03
1,ID 1,2025-10-08 17:31:03
1,ID 1,2025-10-08 17:31:03
1,ID 1,2025-10-08 17:31:03
1,ID 1,2025-10-08 17:31:03
1,ID 1,2025-10-08 17:31:03
1,ID 1,2025-10-08 17:31:04
1,ID 1,2025-10-08 17:31:04
1,ID 1,2025-10-08 17:31:04
1,ID 1,2025-10-08 17:31:04
1,ID 1,2025-10-08 17:31:04
1,ID 1,2025-10-08 17:31:04
1,ID 1,2025-10-08 17:31:04
1,ID 1,2025-10-08 17:31:04
1,ID 1,2025-10-08 17:31:04
1,ID 1,2025-10-08 17:31:04
1,ID 1,2025-10-08 17:31:04
1,ID 1,2025-10-08 17:31:04
1,ID 1,2025-10-08 17:31:04
1,ID 1,2025-10-08 17:31:04
1,ID 1,2025-10-08 17:31:04
1,ID 1,2025-10-08 17:31:04
1,ID 1,2025-10-08 17:31:04
1,ID 1,2025-10-08 17:31:04
1,ID 1,2025-10-08 17:31:04
1,ID 1,2025-10-08 17:31:04
1,ID 1,2025-10-08 17:31:04
1,ID 1,2025-10-08 17:31:04
1,ID 1,2025-10-08 17:31:04
1,ID 1,2025-10-08 17:31:04
1,ID 1,2025-10-08 17:31:04
1,ID 1,2025-10-08 17:31:04
1,ID 1,2025-10-08 17:31:04
1,ID 1,2025-10-08 17:31:05
1,ID 1,2025-10-08 17:31:05
1,ID 1,2025-10-08 17:31:05
1,ID 1,2025-10-08 17:31:05
1,ID 1,2025-10-08 17:31:05
1,ID 1,2025-10-08 17:31:05
1,ID 1,2025-10-08 17:31:05
1,ID 1,2025-10-08 17:31:05
1,ID 1,2025-10-08 17:31:05
1,ID 1,2025-10-08 17:31:05
1,ID 1,2025-10-08 17:31:05
1,ID 1,2025-10-08 17:31:05
1,ID 1,2025-10-08 17:31:06
1,ID 1,2025-10-08 17:31:06
1,ID 1,2025-10-08 17:31:06
1,ID 1,2025-10-08 17:31:07
0,ID 0,2025-10-08 17:31:07
1,ID 1,2025-10-08 17:31:07
1,ID 1,2025-10-08 17:31:07
1,ID 1,2025-10-08 17:31:07
1,ID 1,2025-10-08 17:31:08
1,ID 1,2025-10-08 17:31:08
1,ID 1,2025-10-08 17:31:08
1,ID 1,2025-10-08 17:31:08
0,ID 0,2025-10-08 17:31:08
0,ID 0,2025-10-08 17:31:08
1,ID 1,2025-10-08 17:31:08
0,ID 0,2025-10-08 17:31:08
0,ID 0,2025-10-08 17:31:09
1,ID 1,2025-10-08 17:31:09
0,ID 0,2025-10-08 17:31:09
0,ID 0,2025-10-08 17:31:09
1,ID 1,2025-10-08 17:31:09
1,ID 1,2025-10-08 17:31:09
1,ID 1,2025-10-08 17:31:09
1,ID 1,2025-10-08 17:31:09
1,ID 1,2025-10-08 17:31:09
1,ID 1,2025-10-08 17:31:09
1,ID 1,2025-10-08 17:31:09
1,ID 1,2025-10-08 17:31:09
1,ID 1,2025-10-08 17:31:09
1,ID 1,2025-10-08 17:31:09
1,ID 1,2025-10-08 17:31:09
1,ID 1,2025-10-08 17:31:10
1,ID 1,2025-10-08 17:31:10
1,ID 1,2025-10-08 17:31:10
0,ID 0,2025-10-08 17:31:10
1,ID 1,2025-10-08 17:31:10
1,ID 1,2025-10-08 17:31:10
1,ID 1,2025-10-08 17:31:10
0,ID 0,2025-10-08 17:31:10
0,ID 0,2025-10-08 17:31:10
1,ID 1,2025-10-08 17:31:10
1,ID 1,2025-10-08 17:31:10
1,ID 1,2025-10-08 17:31:10
0,ID 0,2025-10-08 17:31:10
1,ID 1,2025-10-08 17:31:10
0,ID 0,2025-10-08 17:31:10
1,ID 1,2025-10-08 17:31:10
0,ID 0,2025-10-08 17:31:10
0,ID 0,2025-10-08 17:31:11
1,ID 1,2025-10-08 17:31:11
0,ID 0,2025-10-08 17:31:11
1,ID 1,2025-10-08 17:31:11
1,ID 1,2025-10-08 17:31:11
0,ID 0,2025-10-08 17:31:11
1,ID 1,2025-10-08 17:31:11
1,ID 1,2025-10-08 17:31:11
0,ID 0,2025-10-08 17:31:11
1,ID 1,2025-10-08 17:31:11
1,ID 1,2025-10-08 17:31:11
1,ID 1,2025-10-08 17:31:11
1,ID 1,2025-10-08 17:31:11
0,ID 0,2025-10-08 17:31:11
0,ID 0,2025-10-08 17:31:11
0,ID 0,2025-10-08 17:31:11
0,ID 0,2025-10-08 17:31:11
1,ID 1,2025-10-08 17:31:11
1,ID 1,2025-10-08 17:31:11
1,ID 1,2025-10-08 17:31:12
1,ID 1,2025-10-08 17:31:12
1,ID 1,2025-10-08 17:31:12
1,ID 1,2025-10-08 17:31:14
1,ID 1,2025-10-08 17:31:14
1,ID 1,2025-10-08 17:31:14
0,ID 0,2025-10-08 18:12:27
0,ID 0,2025-10-08 18:12:27
0,ID 0,2025-10-08 18:12:27
0,ID 0,2025-10-08 18:12:27
0,ID 0,2025-10-08 18:12:27
0,ID 0,2025-10-08 18:12:27
2,ID 2,2025-10-08 18:12:27
2,ID 2,2025-10-08 18:12:27
2,ID 2,2025-10-08 18:12:28
0,ID 0,2025-10-08 18:12:28
0,ID 0,2025-10-08 18:12:28
0,ID 0,2025-10-08 18:12:28
2,ID 2,2025-10-08 18:12:28
0,ID 0,2025-10-08 18:12:28
2,ID 2,2025-10-08 18:12:28
0,ID 0,2025-10-08 18:12:28
0,ID 0,2025-10-08 18:12:28
0,ID 0,2025-10-08 18:12:28
2,ID 2,2025-10-08 18:12:28
2,ID 2,2025-10-08 18:12:28
2,ID 2,2025-10-08 18:12:28
2,ID 2,2025-10-08 18:12:28
2,ID 2,2025-10-08 18:12:28
2,ID 2,2025-10-08 18:12:28
2,ID 2,2025-10-08 18:12:28
2,ID 2,2025-10-08 18:12:28
0,ID 0,2025-10-08 18:12:28
2,ID 2,2025-10-08 18:12:28
0,ID 0,2025-10-08 18:12:28
0,ID 0,2025-10-08 18:12:28
2,ID 2,2025-10-08 18:12:28
2,ID 2,2025-10-08 18:12:28
0,ID 0,2025-10-08 18:12:28
2,ID 2,2025-10-08 18:12:28
2,ID 2,2025-10-08 18:12:28
2,ID 2,2025-10-08 18:12:28
2,ID 2,2025-10-08 18:12:29
2,ID 2,2025-10-08 18:12:29
2,ID 2,2025-10-08 18:12:29
0,ID 0,2025-10-08 18:12:29
0,ID 0,2025-10-08 18:12:29
0,ID 0,2025-10-08 18:12:29
2,ID 2,2025-10-08 18:12:29
0,ID 0,2025-10-08 18:12:29
2,ID 2,2025-10-08 18:12:29
2,ID 2,2025-10-08 18:12:29
0,ID 0,2025-10-08 18:12:29
0,ID 0,2025-10-08 18:12:29
2,ID 2,2025-10-08 18:12:29
2,ID 2,2025-10-08 18:12:29
2,ID 2,2025-10-08 18:12:29
2,ID 2,2025-10-08 18:12:29
2,ID 2,2025-10-08 18:12:29
2,ID 2,2025-10-08 18:12:29
2,ID 2,2025-10-08 18:12:29
2,ID 2,2025-10-08 18:12:29
2,ID 2,2025-10-08 18:12:29
2,ID 2,2025-10-08 18:12:29
2,ID 2,2025-10-08 18:12:29
2,ID 2,2025-10-08 18:12:29
2,ID 2,2025-10-08 18:12:29
2,ID 2,2025-10-08 18:12:29
2,ID 2,2025-10-08 18:12:29
2,ID 2,2025-10-08 18:12:29
2,ID 2,2025-10-08 18:12:30
2,ID 2,2025-10-08 18:12:30
0,ID 0,2025-10-08 18:12:30
0,ID 0,2025-10-08 18:12:30
2,ID 2,2025-10-08 18:12:30
2,ID 2,2025-10-08 18:12:30
2,ID 2,2025-10-08 18:12:30
2,ID 2,2025-10-08 18:12:30
2,ID 2,2025-10-08 18:12:30
2,ID 2,2025-10-08 18:12:30
2,ID 2,2025-10-08 18:12:30
2,ID 2,2025-10-08 18:12:30
2,ID 2,2025-10-08 18:12:30
2,ID 2,2025-10-08 18:12:30
2,ID 2,2025-10-08 18:12:30
2,ID 2,2025-10-08 18:12:30
2,ID 2,2025-10-08 18:12:30
2,ID 2,2025-10-08 18:12:30
2,ID 2,2025-10-08 18:12:30
2,ID 2,2025-10-08 18:12:30
0,ID 0,2025-10-08 18:12:30
2,ID 2,2025-10-08 18:12:30
0,ID 0,2025-10-08 18:12:30
2,ID 2,2025-10-08 18:12:30
0,ID 0,2025-10-08 18:12:30
0,ID 0,2025-10-08 18:12:30
2,ID 2,2025-10-08 18:12:30
2,ID 2,2025-10-08 18:12:30
2,ID 2,2025-10-08 18:12:30
0,ID 0,2025-10-08 18:12:31
2,ID 2,2025-10-08 18:12:31
2,ID 2,2025-10-08 18:12:31
2,ID 2,2025-10-08 18:12:31
2,ID 2,2025-10-08 18:12:31
0,ID 0,2025-10-08 18:12:31
2,ID 2,2025-10-08 18:12:31
0,ID 0,2025-10-08 18:12:31
2,ID 2,2025-10-08 18:12:31
2,ID 2,2025-10-08 18:12:31
2,ID 2,2025-10-08 18:12:31
2,ID 2,2025-10-08 18:12:31
0,ID 0,2025-10-08 18:12:31
2,ID 2,2025-10-08 18:12:31
0,ID 0,2025-10-08 18:12:31
0,ID 0,2025-10-08 18:12:31
0,ID 0,2025-10-08 18:12:31
0,ID 0,2025-10-08 18:12:31
0,ID 0,2025-10-08 18:12:31
0,ID 0,2025-10-08 18:12:31
0,ID 0,2025-10-08 18:12:31
0,ID 0,2025-10-08 18:12:31
0,ID 0,2025-10-08 18:12:31
0,ID 0,2025-10-08 18:12:31
0,ID 0,2025-10-08 18:12:31
0,ID 0,2025-10-08 18:12:31
2,ID 2,2025-10-08 18:12:31
0,ID 0,2025-10-08 18:12:31
0,ID 0,2025-10-08 18:12:32
0,ID 0,2025-10-08 18:12:32
0,ID 0,2025-10-08 18:12:32
2,ID 2,2025-10-08 18:12:32
0,ID 0,2025-10-08 18:12:32
0,ID 0,2025-10-08 18:12:32
0,ID 0,2025-10-08 18:12:32
0,ID 0,2025-10-08 18:12:32
0,ID 0,2025-10-08 18:12:32
0,ID 0,2025-10-08 18:12:32
2,ID 2,2025-10-08 18:12:32
0,ID 0,2025-10-08 18:12:32
2,ID 2,2025-10-08 18:12:32
0,ID 0,2025-10-08 18:12:32
0,ID 0,2025-10-08 18:12:32
0,ID 0,2025-10-08 18:12:32
0,ID 0,2025-10-08 18:12:32
0,ID 0,2025-10-08 18:12:32
0,ID 0,2025-10-08 18:12:32
0,ID 0,2025-10-08 18:12:32
2,ID 2,2025-10-08 18:12:32
2,ID 2,2025-10-08 18:12:32
2,ID 2,2025-10-08 18:12:32
2,ID 2,2025-10-08 18:12:33
2,ID 2,2025-10-08 18:12:33
2,ID 2,2025-10-08 18:12:33
2,ID 2,2025-10-08 18:12:33
2,ID 2,2025-10-08 18:12:33
2,ID 2,2025-10-08 18:12:33
2,ID 2,2025-10-08 18:12:33
2,ID 2,2025-10-08 18:12:33
2,ID 2,2025-10-08 18:12:33
2,ID 2,2025-10-08 18:12:33
2,ID 2,2025-10-08 18:12:33
0,ID 0,2025-10-08 18:12:33
0,ID 0,2025-10-08 18:12:33
0,ID 0,2025-10-08 18:12:33
0,ID 0,2025-10-08 18:12:33
0,ID 0,2025-10-08 18:12:33
0,ID 0,2025-10-08 18:12:33
0,ID 0,2025-10-08 18:12:33
0,ID 0,2025-10-08 18:12:33
0,ID 0,2025-10-08 18:12:34
0,ID 0,2025-10-08 18:12:34
0,ID 0,2025-10-08 18:12:34
0,ID 0,2025-10-08 18:12:34
0,ID 0,2025-10-08 18:12:34
0,ID 0,2025-10-08 18:12:34
2,ID 2,2025-10-08 18:12:34
0,ID 0,2025-10-08 18:12:34
0,ID 0,2025-10-08 18:12:34
0,ID 0,2025-10-08 18:12:34
0,ID 0,2025-10-08 18:12:34
0,ID 0,2025-10-08 18:12:34
0,ID 0,2025-10-08 18:12:34
0,ID 0,2025-10-08 18:12:34
0,ID 0,2025-10-08 18:12:34
2,ID 2,2025-10-08 18:12:36
2,ID 2,2025-10-08 18:12:36
2,ID 2,2025-10-08 18:12:36
2,ID 2,2025-10-08 18:12:37
2,ID 2,2025-10-08 18:12:37
2,ID 2,2025-10-08 18:12:37
2,ID 2,2025-10-08 18:12:37
2,ID 2,2025-10-08 18:12:37
2,ID 2,2025-10-08 18:12:37
2,ID 2,2025-10-08 18:12:37
2,ID 2,2025-10-08 18:12:37
2,ID 2,2025-10-08 18:12:37
2,ID 2,2025-10-08 18:12:37
2,ID 2,2025-10-08 18:12:37
2,ID 2,2025-10-08 18:12:37
2,ID 2,2025-10-08 18:12:37
2,ID 2,2025-10-08 18:12:37
2,ID 2,2025-10-08 18:12:37
2,ID 2,2025-10-08 18:12:37
2,ID 2,2025-10-08 18:12:37
2,ID 2,2025-10-08 18:12:37
2,ID 2,2025-10-08 18:12:37
2,ID 2,2025-10-08 18:12:37
2,ID 2,2025-10-08 18:12:37
2,ID 2,2025-10-08 18:12:37
2,ID 2,2025-10-08 18:12:37
2,ID 2,2025-10-08 18:12:37
2,ID 2,2025-10-08 18:12:37
2,ID 2,2025-10-08 18:12:37
2,ID 2,2025-10-08 18:12:37
0,ID 0,2025-10-08 18:12:37
2,ID 2,2025-10-08 18:12:37
0,ID 0,2025-10-08 18:12:37
0,ID 0,2025-10-08 18:12:38
2,ID 2,2025-10-08 18:12:38
2,ID 2,2025-10-08 18:12:38
2,ID 2,2025-10-08 18:12:38
2,ID 2,2025-10-08 18:12:38
2,ID 2,2025-10-08 18:12:38
2,ID 2,2025-10-08 18:12:38
2,ID 2,2025-10-08 18:12:38
2,ID 2,2025-10-08 18:12:38
2,ID 2,2025-10-08 18:12:38
2,ID 2,2025-10-08 18:12:38
2,ID 2,2025-10-08 18:12:38
2,ID 2,2025-10-08 18:12:38
2,ID 2,2025-10-08 18:12:38
2,ID 2,2025-10-08 18:12:38
2,ID 2,2025-10-08 18:12:38
2,ID 2,2025-10-08 18:12:38
2,ID 2,2025-10-08 18:12:38
2,ID 2,2025-10-08 18:12:38
2,ID 2,2025-10-08 18:12:38
2,ID 2,2025-10-08 18:12:39
2,ID 2,2025-10-08 18:12:39
2,ID 2,2025-10-08 18:12:39
2,ID 2,2025-10-08 18:12:39
2,ID 2,2025-10-08 18:12:39
2,ID 2,2025-10-08 18:12:39
2,ID 2,2025-10-08 18:12:39
2,ID 2,2025-10-08 18:12:39
2,ID 2,2025-10-08 18:12:39
2,ID 2,2025-10-08 18:12:39
2,ID 2,2025-10-08 18:12:39
2,ID 2,2025-10-08 18:12:39
2,ID 2,2025-10-08 18:12:39
2,ID 2,2025-10-08 18:12:39
2,ID 2,2025-10-08 18:12:39
2,ID 2,2025-10-08 18:12:39
2,ID 2,2025-10-08 18:12:39
2,ID 2,2025-10-08 18:12:39
2,ID 2,2025-10-08 18:12:39
2,ID 2,2025-10-08 18:12:39
2,ID 2,2025-10-08 18:12:39
2,ID 2,2025-10-08 18:12:39
2,ID 2,2025-10-08 18:12:39
0,ID 0,2025-10-08 18:12:40
2,ID 2,2025-10-08 18:12:40
2,ID 2,2025-10-08 18:12:40
2,ID 2,2025-10-08 18:12:40
2,ID 2,2025-10-08 18:12:41
2,ID 2,2025-10-08 18:12:41
2,ID 2,2025-10-08 18:12:41
2,ID 2,2025-10-08 18:12:41
2,ID 2,2025-10-08 18:12:41
2,ID 2,2025-10-08 18:12:41
2,ID 2,2025-10-08 18:12:42
2,ID 2,2025-10-08 18:12:42
2,ID 2,2025-10-08 18:12:42
2,ID 2,2025-10-08 18:12:42
2,ID 2,2025-10-08 18:12:42
2,ID 2,2025-10-08 18:12:42
2,ID 2,2025-10-08 18:12:42
2,ID 2,2025-10-08 18:12:42
2,ID 2,2025-10-08 18:12:42
2,ID 2,2025-10-08 18:12:42
2,ID 2,2025-10-08 18:12:42
2,ID 2,2025-10-08 18:12:42
2,ID 2,2025-10-08 18:12:42
2,ID 2,2025-10-08 18:12:42
2,ID 2,2025-10-08 18:12:42
2,ID 2,2025-10-08 18:12:42
2,ID 2,2025-10-08 18:12:42
2,ID 2,2025-10-08 18:12:42
2,ID 2,2025-10-08 18:12:42
2,ID 2,2025-10-08 18:12:42
2,ID 2,2025-10-08 18:12:42
2,ID 2,2025-10-08 18:12:42
2,ID 2,2025-10-08 18:12:43
2,ID 2,2025-10-08 18:12:43
2,ID 2,2025-10-08 18:12:43
2,ID 2,2025-10-08 18:12:43
2,ID 2,2025-10-08 18:12:43
2,ID 2,2025-10-08 18:12:43
2,ID 2,2025-10-08 18:12:43
2,ID 2,2025-10-08 18:12:43
2,ID 2,2025-10-08 18:12:44
2,ID 2,2025-10-08 18:12:44
2,ID 2,2025-10-08 18:12:44
2,ID 2,2025-10-08 18:12:44
2,ID 2,2025-10-08 18:12:44
2,ID 2,2025-10-08 18:12:44
2,ID 2,2025-10-08 18:12:44
2,ID 2,2025-10-08 18:12:44
2,ID 2,2025-10-08 18:12:44
2,ID 2,2025-10-08 18:12:44
2,ID 2,2025-10-08 18:12:44
2,ID 2,2025-10-08 18:12:44
2,ID 2,2025-10-08 18:12:44
2,ID 2,2025-10-08 18:12:44
2,ID 2,2025-10-08 18:12:44
2,ID 2,2025-10-08 18:12:44
2,ID 2,2025-10-08 18:12:44
2,ID 2,2025-10-08 18:12:44
2,ID 2,2025-10-08 18:12:44
2,ID 2,2025-10-08 18:12:44
2,ID 2,2025-10-08 18:12:44
2,ID 2,2025-10-08 18:12:44
2,ID 2,2025-10-08 18:12:44
2,ID 2,2025-10-08 18:12:44
2,ID 2,2025-10-08 18:12:44
2,ID 2,2025-10-08 18:12:44
2,ID 2,2025-10-08 18:12:44
2,ID 2,2025-10-08 18:12:44
2,ID 2,2025-10-08 18:12:44
2,ID 2,2025-10-08 18:12:45
2,ID 2,2025-10-08 18:12:45
2,ID 2,2025-10-08 18:12:45
2,ID 2,2025-10-08 18:12:45
2,ID 2,2025-10-08 18:12:45
2,ID 2,2025-10-08 18:12:45
2,ID 2,2025-10-08 18:12:45
2,ID 2,2025-10-08 18:12:45
2,ID 2,2025-10-08 18:12:45
2,ID 2,2025-10-08 18:12:45
2,ID 2,2025-10-08 18:12:45
2,ID 2,2025-10-08 18:12:45
2,ID 2,2025-10-08 18:12:45
2,ID 2,2025-10-08 18:12:45
2,ID 2,2025-10-08 18:12:45
2,ID 2,2025-10-08 18:12:45
2,ID 2,2025-10-08 18:12:45
2,ID 2,2025-10-08 18:12:45
2,ID 2,2025-10-08 18:12:45
2,ID 2,2025-10-08 18:12:45
2,ID 2,2025-10-08 18:12:45
2,ID 2,2025-10-08 18:12:45
2,ID 2,2025-10-08 18:12:45
2,ID 2,2025-10-08 18:12:46
2,ID 2,2025-10-08 18:12:46
2,ID 2,2025-10-08 18:12:46
0,ID 0,2025-10-08 18:12:46
2,ID 2,2025-10-08 18:12:46
2,ID 2,2025-10-08 18:12:46
2,ID 2,2025-10-08 18:12:46
2,ID 2,2025-10-08 18:12:46
2,ID 2,2025-10-08 18:12:46
0,ID 0,2025-10-08 18:12:46
0,ID 0,2025-10-08 18:12:47
0,ID 0,2025-10-08 18:12:47
0,ID 0,2025-10-08 18:12:47
0,ID 0,2025-10-08 18:12:47
0,ID 0,2025-10-08 18:12:47
0,ID 0,2025-10-08 18:12:47
0,ID 0,2025-10-08 18:12:47
0,ID 0,2025-10-08 18:12:47
2,ID 2,2025-10-08 18:12:47
2,ID 2,2025-10-08 18:12:47
0,ID 0,2025-10-08 18:12:47
0,ID 0,2025-10-08 18:12:47
0,ID 0,2025-10-08 18:12:47
0,ID 0,2025-10-08 18:12:47
0,ID 0,2025-10-08 18:12:48
0,ID 0,2025-10-08 18:12:48
0,ID 0,2025-10-08 18:12:48
0,ID 0,2025-10-08 18:12:48
0,ID 0,2025-10-08 18:12:49
0,ID 0,2025-10-08 18:12:49
0,ID 0,2025-10-08 18:12:49
0,ID 0,2025-10-08 18:12:49
0,ID 0,2025-10-08 18:12:49
2,ID 2,2025-10-08 18:12:49
2,ID 2,2025-10-08 18:12:49
2,ID 2,2025-10-08 18:12:49
2,ID 2,2025-10-08 18:12:49
2,ID 2,2025-10-08 18:12:49
2,ID 2,2025-10-08 18:12:49
2,ID 2,2025-10-08 18:12:49
2,ID 2,2025-10-08 18:12:49
2,ID 2,2025-10-08 18:12:49
2,ID 2,2025-10-08 18:12:49
2,ID 2,2025-10-08 18:12:49
2,ID 2,2025-10-08 18:12:50
2,ID 2,2025-10-08 18:12:50
2,ID 2,2025-10-08 18:12:50
2,ID 2,2025-10-08 18:12:50
2,ID 2,2025-10-08 18:12:50
2,ID 2,2025-10-08 18:12:50
2,ID 2,2025-10-08 18:12:50
2,ID 2,2025-10-08 18:12:50
2,ID 2,2025-10-08 18:12:50
2,ID 2,2025-10-08 18:12:50
2,ID 2,2025-10-08 18:12:50
2,ID 2,2025-10-08 18:12:50
2,ID 2,2025-10-08 18:12:50
2,ID 2,2025-10-08 18:12:50
2,ID 2,2025-10-08 18:12:50
2,ID 2,2025-10-08 18:12:50
2,ID 2,2025-10-08 18:12:50
2,ID 2,2025-10-08 18:12:50
2,ID 2,2025-10-08 18:12:50
2,ID 2,2025-10-08 18:12:50
2,ID 2,2025-10-08 18:12:50
2,ID 2,2025-10-08 18:12:50
2,ID 2,2025-10-08 18:12:50
2,ID 2,2025-10-08 18:12:50
2,ID 2,2025-10-08 18:12:50
2,ID 2,2025-10-08 18:12:50
2,ID 2,2025-10-08 18:12:50
2,ID 2,2025-10-08 18:12:50
2,ID 2,2025-10-08 18:12:50
2,ID 2,2025-10-08 18:12:50
2,ID 2,2025-10-08 18:12:51
2,ID 2,2025-10-08 18:12:51
2,ID 2,2025-10-08 18:12:51
2,ID 2,2025-10-08 18:12:51
2,ID 2,2025-10-08 18:12:51
2,ID 2,2025-10-08 18:12:51
2,ID 2,2025-10-08 18:12:51
2,ID 2,2025-10-08 18:12:51
2,ID 2,2025-10-08 18:12:51
2,ID 2,2025-10-08 18:12:51
2,ID 2,2025-10-08 18:12:51
2,ID 2,2025-10-08 18:12:51
2,ID 2,2025-10-08 18:12:51
2,ID 2,2025-10-08 18:12:51
2,ID 2,2025-10-08 18:12:51
2,ID 2,2025-10-08 18:12:51
2,ID 2,2025-10-08 18:12:51
2,ID 2,2025-10-08 18:12:51
2,ID 2,2025-10-08 18:12:51
2,ID 2,2025-10-08 18:12:51
2,ID 2,2025-10-08 18:12:51
2,ID 2,2025-10-10 18:49:30
2,ID 2,2025-10-10 18:49:30
2,ID 2,2025-10-10 18:49:30
2,ID 2,2025-10-10 18:49:30
2,ID 2,2025-10-10 18:49:30
2,ID 2,2025-10-10 18:49:30
2,ID 2,2025-10-10 18:49:30
2,ID 2,2025-10-10 18:49:30
2,ID 2,2025-10-10 18:49:30
2,ID 2,2025-10-10 18:49:30
2,ID 2,2025-10-10 18:49:30
2,ID 2,2025-10-10 18:49:30
2,ID 2,2025-10-10 18:49:30
2,ID 2,2025-10-10 18:49:30
2,ID 2,2025-10-10 18:49:30
2,ID 2,2025-10-10 18:49:30
2,ID 2,2025-10-10 18:49:31
2,ID 2,2025-10-10 18:49:31
2,ID 2,2025-10-10 18:49:31
2,ID 2,2025-10-10 18:49:31
2,ID 2,2025-10-10 18:49:31
2,ID 2,2025-10-10 18:49:31
2,ID 2,2025-10-10 18:49:31
2,ID 2,2025-10-10 18:49:31
2,ID 2,2025-10-10 18:49:31
2,ID 2,2025-10-10 18:49:31
2,ID 2,2025-10-10 18:49:31
2,ID 2,2025-10-10 18:49:32
2,ID 2,2025-10-10 18:49:32
2,ID 2,2025-10-10 18:49:32
2,ID 2,2025-10-10 18:49:32
2,ID 2,2025-10-10 18:49:32
2,ID 2,2025-10-10 18:49:32
2,ID 2,2025-10-10 18:49:32
2,ID 2,2025-10-10 18:49:32
2,ID 2,2025-10-10 18:49:32
2,ID 2,2025-10-10 18:49:32
2,ID 2,2025-10-10 18:49:32
2,ID 2,2025-10-10 18:49:32
2,ID 2,2025-10-10 18:49:32
2,ID 2,2025-10-10 18:49:32
2,ID 2,2025-10-10 18:49:32
2,ID 2,2025-10-10 18:49:32
2,ID 2,2025-10-10 18:49:32
2,ID 2,2025-10-10 18:49:32
2,ID 2,2025-10-10 18:49:32
2,ID 2,2025-10-10 18:49:33
2,ID 2,2025-10-10 18:49:33
2,ID 2,2025-10-10 18:49:33
2,ID 2,2025-10-10 18:49:33
2,ID 2,2025-10-10 18:49:33
2,ID 2,2025-10-10 18:49:33
2,ID 2,2025-10-10 18:49:33
2,ID 2,2025-10-10 18:49:33
2,ID 2,2025-10-10 18:49:33
2,ID 2,2025-10-10 18:49:33
2,ID 2,2025-10-10 18:49:33
2,ID 2,2025-10-10 18:49:33
2,ID 2,2025-10-10 18:49:33
2,ID 2,2025-10-10 18:49:33
2,ID 2,2025-10-10 18:49:33
2,ID 2,2025-10-10 18:49:33
2,ID 2,2025-10-10 18:49:33
2,ID 2,2025-10-10 18:49:33
2,ID 2,2025-10-10 18:49:33
2,ID 2,2025-10-10 18:49:33
2,ID 2,2025-10-10 18:49:33
2,ID 2,2025-10-10 18:49:33
2,ID 2,2025-10-10 18:49:34
2,ID 2,2025-10-10 18:49:34
2,ID 2,2025-10-10 18:49:34
2,ID 2,2025-10-10 18:49:34
2,ID 2,2025-10-10 18:49:34
2,ID 2,2025-10-10 18:49:34
2,ID 2,2025-10-10 18:49:34
2,ID 2,2025-10-10 18:49:34
2,ID 2,2025-10-10 18:49:34
2,ID 2,2025-10-10 18:49:34
2,ID 2,2025-10-10 18:49:34
2,ID 2,2025-10-10 18:49:34
2,ID 2,2025-10-10 18:49:34
2,ID 2,2025-10-10 18:49:34
2,ID 2,2025-10-10 18:49:34
2,ID 2,2025-10-10 18:49:34
2,ID 2,2025-10-10 18:49:34
2,ID 2,2025-10-10 18:49:34
2,ID 2,2025-10-10 18:49:34
2,ID 2,2025-10-10 18:49:34
2,ID 2,2025-10-10 18:49:34
2,ID 2,2025-10-10 18:49:35
2,ID 2,2025-10-10 18:49:35
2,ID 2,2025-10-10 18:49:35
2,ID 2,2025-10-10 18:49:35
2,ID 2,2025-10-10 18:49:35
2,ID 2,2025-10-10 18:49:35
2,ID 2,2025-10-10 18:49:35
2,ID 2,2025-10-10 18:49:35
2,ID 2,2025-10-10 18:49:35
2,ID 2,2025-10-10 18:49:35
2,ID 2,2025-10-10 18:49:35
2,ID 2,2025-10-10 18:49:35
2,ID 2,2025-10-10 18:49:35
2,ID 2,2025-10-10 18:49:35
2,ID 2,2025-10-10 18:49:35
2,ID 2,2025-10-10 18:49:35
2,ID 2,2025-10-10 18:49:35
2,ID 2,2025-10-10 18:49:35
2,ID 2,2025-10-10 18:49:35
2,ID 2,2025-10-10 18:49:35
2,ID 2,2025-10-10 18:49:36
2,ID 2,2025-10-10 18:49:36
2,ID 2,2025-10-10 18:49:36
2,ID 2,2025-10-10 18:49:36
2,ID 2,2025-10-10 18:49:36
2,ID 2,2025-10-10 18:49:36
2,ID 2,2025-10-10 18:49:36
2,ID 2,2025-10-10 18:49:36
2,ID 2,2025-10-10 18:49:36
2,ID 2,2025-10-10 18:49:36
2,ID 2,2025-10-10 18:49:36
2,ID 2,2025-10-10 18:49:36
2,ID 2,2025-10-10 18:49:36
2,ID 2,2025-10-10 18:49:36
2,ID 2,2025-10-10 18:49:36
2,ID 2,2025-10-10 18:49:37
2,ID 2,2025-10-10 18:49:37
2,ID 2,2025-10-10 18:49:37
2,ID 2,2025-10-10 18:49:37
2,ID 2,2025-10-10 18:49:37
2,ID 2,2025-10-10 18:49:37
2,ID 2,2025-10-10 18:49:37
2,ID 2,2025-10-10 18:49:37
2,ID 2,2025-10-10 18:49:37
2,ID 2,2025-10-10 18:49:37
2,ID 2,2025-10-10 18:49:37
2,ID 2,2025-10-10 18:49:37
2,ID 2,2025-10-10 18:49:37
2,ID 2,2025-10-10 18:49:37
2,ID 2,2025-10-10 18:49:37
2,ID 2,2025-10-10 18:49:37
2,ID 2,2025-10-10 18:49:38
2,ID 2,2025-10-10 18:49:38
2,ID 2,2025-10-10 18:49:38
2,ID 2,2025-10-10 18:49:38
2,ID 2,2025-10-10 18:49:38
2,ID 2,2025-10-10 18:49:38
2,ID 2,2025-10-10 18:49:38
2,ID 2,2025-10-10 18:49:38
2,ID 2,2025-10-10 18:49:38
2,ID 2,2025-10-10 18:49:38
2,ID 2,2025-10-10 18:49:38
2,ID 2,2025-10-10 18:49:38
2,ID 2,2025-10-10 18:49:38
2,ID 2,2025-10-10 18:49:38
2,ID 2,2025-10-10 18:49:38
2,ID 2,2025-10-10 18:49:38
2,ID 2,2025-10-10 18:49:39
2,ID 2,2025-10-10 18:49:39
2,ID 2,2025-10-10 18:49:39
2,ID 2,2025-10-10 18:49:39
2,ID 2,2025-10-10 18:49:39
2,ID 2,2025-10-10 18:49:39
2,ID 2,2025-10-10 18:49:39
2,ID 2,2025-10-10 18:49:39
2,ID 2,2025-10-10 18:49:39
2,ID 2,2025-10-10 18:49:39
2,ID 2,2025-10-10 18:49:39
2,ID 2,2025-10-10 18:49:39
2,ID 2,2025-10-10 18:49:39
2,ID 2,2025-10-10 18:49:39
2,ID 2,2025-10-10 18:49:39
2,ID 2,2025-10-10 18:49:39
2,ID 2,2025-10-10 18:49:40
2,ID 2,2025-10-10 18:49:40
2,ID 2,2025-10-10 18:49:40
2,ID 2,2025-10-10 18:49:40
2,ID 2,2025-10-10 18:49:40
2,ID 2,2025-10-10 18:49:40
2,ID 2,2025-10-10 18:49:40
2,ID 2,2025-10-10 18:49:40
2,ID 2,2025-10-10 18:49:40
2,ID 2,2025-10-10 18:49:40
2,ID 2,2025-10-10 18:49:40
2,ID 2,2025-10-10 18:49:40
2,ID 2,2025-10-10 18:49:41
2,ID 2,2025-10-10 18:49:41
2,ID 2,2025-10-10 18:49:41
2,ID 2,2025-10-10 18:49:41
2,ID 2,2025-10-10 18:49:41
2,ID 2,2025-10-10 18:49:41
2,ID 2,2025-10-10 18:49:41
2,ID 2,2025-10-10 18:49:41
2,ID 2,2025-10-10 18:49:41
2,ID 2,2025-10-10 18:49:41
2,ID 2,2025-10-10 18:49:41
2,ID 2,2025-10-10 18:49:41
2,ID 2,2025-10-10 18:49:41
2,ID 2,2025-10-10 18:49:41
2,ID 2,2025-10-10 18:49:42
2,ID 2,2025-10-10 18:49:42
2,ID 2,2025-10-10 18:49:42
2,ID 2,2025-10-10 18:49:42
2,ID 2,2025-10-10 18:49:42
2,ID 2,2025-10-10 18:49:45
2,ID 2,2025-10-10 18:49:45
2,ID 2,2025-10-10 18:49:45
2,ID 2,2025-10-10 18:49:45
2,ID 2,2025-10-10 18:49:45
2,ID 2,2025-10-10 18:49:45
2,ID 2,2025-10-10 18:49:45
2,ID 2,2025-10-10 18:49:45
2,ID 2,2025-10-10 18:49:45
2,ID 2,2025-10-10 18:49:45
2,ID 2,2025-10-10 18:49:46
2,ID 2,2025-10-10 18:49:46
2,ID 2,2025-10-10 18:49:46
2,ID 2,2025-10-10 18:49:46
2,ID 2,2025-10-10 18:49:46
2,ID 2,2025-10-10 18:49:46
2,ID 2,2025-10-10 18:49:46
2,ID 2,2025-10-10 18:49:47
2,ID 2,2025-10-10 18:49:47
2,ID 2,2025-10-10 18:49:47
2,ID 2,2025-10-10 18:49:47
2,ID 2,2025-10-10 18:49:47
2,ID 2,2025-10-10 18:49:47
2,ID 2,2025-10-10 18:49:47
2,ID 2,2025-10-10 18:49:47
2,ID 2,2025-10-10 18:49:47
2,ID 2,2025-10-10 18:49:48
2,ID 2,2025-10-10 18:49:48
2,ID 2,2025-10-10 18:49:48
2,ID 2,2025-10-10 18:49:48
2,ID 2,2025-10-10 18:49:48
2,ID 2,2025-10-10 18:49:48
2,ID 2,2025-10-10 18:49:48
2,ID 2,2025-10-10 18:49:48
2,ID 2,2025-10-10 18:49:48
2,ID 2,2025-10-10 18:49:48
2,ID 2,2025-10-10 18:49:48
2,ID 2,2025-10-10 18:49:48
2,ID 2,2025-10-10 18:49:49
2,ID 2,2025-10-10 18:49:49
2,ID 2,2025-10-10 18:49:49
2,ID 2,2025-10-10 18:49:49
2,ID 2,2025-10-10 18:49:49
2,ID 2,2025-10-10 18:49:49
2,ID 2,2025-10-10 18:49:49
2,ID 2,2025-10-10 18:49:49
2,ID 2,2025-10-10 18:49:49
2,ID 2,2025-10-10 18:49:49
2,ID 2,2025-10-10 18:49:49
2,ID 2,2025-10-10 18:49:49
2,ID 2,2025-10-10 18:49:49
2,ID 2,2025-10-10 18:49:49
2,ID 2,2025-10-10 18:49:49
2,ID 2,2025-10-10 18:49:50
2,ID 2,2025-10-10 18:49:50
2,ID 2,2025-10-10 18:49:50
2,ID 2,2025-10-10 18:49:50
2,ID 2,2025-10-10 18:49:50
2,ID 2,2025-10-10 18:49:50
2,ID 2,2025-10-10 18:49:50
2,ID 2,2025-10-10 18:49:50
2,ID 2,2025-10-10 18:49:50
2,ID 2,2025-10-10 18:49:50
2,ID 2,2025-10-10 18:49:50
2,ID 2,2025-10-10 18:49:50
2,ID 2,2025-10-10 18:49:50
2,ID 2,2025-10-10 18:49:50
2,ID 2,2025-10-10 18:49:51
2,ID 2,2025-10-10 18:49:51
2,ID 2,2025-10-10 18:49:51
2,ID 2,2025-10-10 18:49:51
2,ID 2,2025-10-10 18:49:51
2,ID 2,2025-10-10 18:49:51
2,ID 2,2025-10-10 18:49:51
2,ID 2,2025-10-10 18:49:51
2,ID 2,2025-10-10 18:49:51
2,ID 2,2025-10-10 18:49:51
2,ID 2,2025-10-10 18:49:51
2,ID 2,2025-10-10 18:49:51
2,ID 2,2025-10-10 18:49:51
2,ID 2,2025-10-10 18:49:52
2,ID 2,2025-10-10 18:49:52
2,ID 2,2025-10-10 18:49:52
2,ID 2,2025-10-10 18:49:52
2,ID 2,2025-10-10 18:49:52
2,ID 2,2025-10-10 18:49:52
2,ID 2,2025-10-10 18:49:52
2,ID 2,2025-10-10 18:49:52
2,ID 2,2025-10-10 18:49:52
2,ID 2,2025-10-10 18:49:52
2,ID 2,2025-10-10 18:49:52
2,ID 2,2025-10-10 18:49:52
2,ID 2,2025-10-10 18:49:52
2,ID 2,2025-10-10 18:49:53
2,ID 2,2025-10-10 18:49:53
2,ID 2,2025-10-10 18:49:53
2,ID 2,2025-10-10 18:49:53
2,ID 2,2025-10-10 18:49:53
2,ID 2,2025-10-10 18:49:53
2,ID 2,2025-10-10 18:49:53
2,ID 2,2025-10-10 18:49:53
2,ID 2,2025-10-10 18:49:53
2,ID 2,2025-10-10 18:49:53
2,ID 2,2025-10-10 18:49:53
2,ID 2,2025-10-10 18:49:53
2,ID 2,2025-10-10 18:49:53
2,ID 2,2025-10-10 18:49:53
2,ID 2,2025-10-10 18:49:53
2,ID 2,2025-10-10 18:49:53
2,ID 2,2025-10-10 18:49:53
2,ID 2,2025-10-10 18:49:54
2,ID 2,2025-10-10 18:49:54
2,ID 2,2025-10-10 18:49:54
2,ID 2,2025-10-10 18:49:54
2,ID 2,2025-10-10 18:49:54
2,ID 2,2025-10-10 18:49:54
2,ID 2,2025-10-10 18:49:54
2,ID 2,2025-10-10 18:49:54
2,ID 2,2025-10-10 18:49:54
2,ID 2,2025-10-10 18:49:54
2,ID 2,2025-10-10 18:49:54
2,ID 2,2025-10-10 18:49:54
2,ID 2,2025-10-10 18:49:54
2,ID 2,2025-10-10 18:49:54
2,ID 2,2025-10-10 18:49:54
2,ID 2,2025-10-10 18:49:54
2,ID 2,2025-10-10 18:49:54
2,ID 2,2025-10-10 18:49:54
2,ID 2,2025-10-10 18:49:55
2,ID 2,2025-10-10 18:49:55
2,ID 2,2025-10-10 18:49:55
2,ID 2,2025-10-10 18:49:55
2,ID 2,2025-10-10 18:49:55
2,ID 2,2025-10-10 18:49:55
2,ID 2,2025-10-10 18:49:55
2,ID 2,2025-10-10 18:49:55
2,ID 2,2025-10-10 18:49:55
2,ID 2,2025-10-10 18:49:55
2,ID 2,2025-10-10 18:49:55
2,ID 2,2025-10-10 18:49:55
2,ID 2,2025-10-10 18:49:55
2,ID 2,2025-10-10 18:49:55
2,ID 2,2025-10-10 18:49:55
2,ID 2,2025-10-10 18:49:56
2,ID 2,2025-10-10 18:49:56
2,ID 2,2025-10-10 18:49:56
2,ID 2,2025-10-10 18:49:56
2,ID 2,2025-10-10 18:49:56
2,ID 2,2025-10-10 18:49:56
2,ID 2,2025-10-10 18:49:56
2,ID 2,2025-10-10 18:49:56
2,ID 2,2025-10-10 18:49:56
2,ID 2,2025-10-10 18:49:56
2,ID 2,2025-10-10 18:49:56
2,ID 2,2025-10-10 18:49:56
2,ID 2,2025-10-10 18:49:56
2,ID 2,2025-10-10 18:49:56
2,ID 2,2025-10-10 18:49:57
2,ID 2,2025-10-10 18:49:57
2,ID 2,2025-10-10 18:49:57
2,ID 2,2025-10-10 18:49:57
2,ID 2,2025-10-10 18:49:57
2,ID 2,2025-10-10 18:49:57
2,ID 2,2025-10-10 18:49:57
2,ID 2,2025-10-10 18:49:57
2,ID 2,2025-10-10 18:49:57
2,ID 2,2025-10-10 18:49:57
2,ID 2,2025-10-10 18:49:57
2,ID 2,2025-10-10 18:49:57
2,ID 2,2025-10-10 18:49:58
2,ID 2,2025-10-10 18:49:58
2,ID 2,2025-10-10 18:49:58
2,ID 2,2025-10-10 18:49:58
2,ID 2,2025-10-10 18:49:59
2,ID 2,2025-10-10 18:49:59
2,ID 2,2025-10-10 18:49:59
2,ID 2,2025-10-10 18:49:59
2,ID 2,2025-10-10 18:49:59
2,ID 2,2025-10-10 18:49:59
2,ID 2,2025-10-10 18:49:59
2,ID 2,2025-10-10 18:49:59
2,ID 2,2025-10-10 18:50:00
2,ID 2,2025-10-10 18:50:00
2,ID 2,2025-10-10 18:50:01
2,ID 2,2025-10-10 18:50:01
2,ID 2,2025-10-10 18:50:01
2,ID 2,2025-10-10 18:50:01
2,ID 2,2025-10-10 18:50:01
2,ID 2,2025-10-10 18:50:01
2,ID 2,2025-10-10 18:50:01
2,ID 2,2025-10-10 18:50:01
2,ID 2,2025-10-10 18:50:01
2,ID 2,2025-10-10 18:50:01
2,ID 2,2025-10-10 18:50:04
2,ID 2,2025-10-10 18:50:05
2,ID 2,2025-10-10 18:50:07
2,ID 2,2025-10-10 18:50:09
2,ID 2,2025-10-10 18:50:15
2,ID 2,2025-10-10 18:50:16
2,ID 2,2025-10-10 18:50:16
2,ID 2,2025-10-10 18:50:26
2,ID 2,2025-10-10 18:50:26
2,ID 2,2025-10-10 18:50:26
2,ID 2,2025-10-10 18:50:26
2,ID 2,2025-10-10 18:50:26
2,ID 2,2025-10-10 18:50:26
2,ID 2,2025-10-10 18:50:27
2,ID 2,2025-10-10 18:50:27
2,ID 2,2025-10-10 18:50:27
2,ID 2,2025-10-10 18:50:27
2,ID 2,2025-10-10 18:50:28
2,ID 2,2025-10-10 18:50:28
2,ID 2,2025-10-10 18:50:29
2,ID 2,2025-10-10 18:50:29
2,ID 2,2025-10-10 18:50:29
2,ID 2,2025-10-10 18:50:29
2,ID 2,2025-10-10 18:50:30
2,ID 2,2025-10-10 18:50:30
2,ID 2,2025-10-10 18:50:30
2,ID 2,2025-10-10 18:50:30
2,ID 2,2025-10-10 18:50:30
2,ID 2,2025-10-10 18:50:30
2,ID 2,2025-10-10 18:50:30
2,ID 2,2025-10-10 18:50:30
2,ID 2,2025-10-10 18:50:30
2,ID 2,2025-10-10 18:50:30
2,ID 2,2025-10-10 18:50:30
2,ID 2,2025-10-10 18:50:30
2,ID 2,2025-10-10 18:50:30
2,ID 2,2025-10-10 18:50:31
2,ID 2,2025-10-10 18:50:31
2,ID 2,2025-10-10 18:50:31
2,ID 2,2025-10-10 18:50:31
2,ID 2,2025-10-10 18:50:31
2,ID 2,2025-10-10 18:50:31
2,ID 2,2025-10-10 18:50:31
2,ID 2,2025-10-10 18:50:31
2,ID 2,2025-10-10 18:50:31
2,ID 2,2025-10-10 18:50:31
2,ID 2,2025-10-10 18:50:31
2,ID 2,2025-10-10 18:50:31
2,ID 2,2025-10-10 18:50:31
2,ID 2,2025-10-10 18:50:31
2,ID 2,2025-10-10 18:50:31
2,ID 2,2025-10-10 18:50:31
2,ID 2,2025-10-10 18:50:31
2,ID 2,2025-10-10 18:50:32
2,ID 2,2025-10-10 18:50:32
2,ID 2,2025-10-10 18:50:32
2,ID 2,2025-10-10 18:50:32
2,ID 2,2025-10-10 18:50:32
2,ID 2,2025-10-10 18:50:32
2,ID 2,2025-10-10 18:50:32
2,ID 2,2025-10-10 18:50:32
2,ID 2,2025-10-10 18:50:32
2,ID 2,2025-10-10 18:50:32
2,ID 2,2025-10-10 18:50:32
2,ID 2,2025-10-10 18:50:32
2,ID 2,2025-10-10 18:50:32
2,ID 2,2025-10-10 18:50:32
2,ID 2,2025-10-10 18:50:32
2,ID 2,2025-10-10 18:50:32
2,ID 2,2025-10-10 18:50:33
2,ID 2,2025-10-10 18:50:33
2,ID 2,2025-10-10 18:50:33
2,ID 2,2025-10-10 18:50:33
2,ID 2,2025-10-10 18:50:33
2,ID 2,2025-10-10 18:50:33
2,ID 2,2025-10-10 18:50:33
2,ID 2,2025-10-10 18:50:33
2,ID 2,2025-10-10 18:50:33
2,ID 2,2025-10-10 18:50:33
2,ID 2,2025-10-10 18:50:33
2,ID 2,2025-10-10 18:50:33
2,ID 2,2025-10-10 18:50:33
2,ID 2,2025-10-10 18:50:33
2,ID 2,2025-10-10 18:50:33
2,ID 2,2025-10-10 18:50:33
2,ID 2,2025-10-10 18:50:33
2,ID 2,2025-10-10 18:50:34
2,ID 2,2025-10-10 18:50:34
2,ID 2,2025-10-10 18:50:35
2,ID 2,2025-10-10 18:50:35
2,ID 2,2025-10-10 18:50:35
2,ID 2,2025-10-10 18:50:35
2,ID 2,2025-10-10 18:50:35
2,ID 2,2025-10-10 18:50:35
2,ID 2,2025-10-10 18:50:35
2,ID 2,2025-10-10 18:50:35
2,ID 2,2025-10-10 18:50:35
2,ID 2,2025-10-10 18:50:35
2,ID 2,2025-10-10 18:50:35
2,ID 2,2025-10-10 18:50:35
2,ID 2,2025-10-10 18:50:35
2,ID 2,2025-10-10 18:50:35
2,ID 2,2025-10-10 18:50:35
2,ID 2,2025-10-10 18:50:35
2,ID 2,2025-10-10 18:50:36
2,ID 2,2025-10-10 18:50:36
2,ID 2,2025-10-10 18:50:36
2,ID 2,2025-10-10 18:50:36
2,ID 2,2025-10-10 18:50:36
2,ID 2,2025-10-10 18:50:36
2,ID 2,2025-10-10 18:50:36
2,ID 2,2025-10-10 18:50:36
2,ID 2,2025-10-10 18:50:36
2,ID 2,2025-10-10 18:50:36
2,ID 2,2025-10-10 18:50:36
2,ID 2,2025-10-10 18:50:36
2,ID 2,2025-10-10 18:50:36
2,ID 2,2025-10-10 18:50:36
2,ID 2,2025-10-10 18:50:36
2,ID 2,2025-10-10 18:50:36
2,ID 2,2025-10-10 18:50:36
2,ID 2,2025-10-10 18:50:36
2,ID 2,2025-10-10 18:50:37
2,ID 2,2025-10-10 18:50:37
2,ID 2,2025-10-10 18:50:37
2,ID 2,2025-10-10 18:50:37
2,ID 2,2025-10-10 18:50:37
2,ID 2,2025-10-10 18:50:37
2,ID 2,2025-10-10 18:50:37
2,ID 2,2025-10-10 18:50:37
2,ID 2,2025-10-10 18:50:37
2,ID 2,2025-10-10 18:50:37
2,ID 2,2025-10-10 18:50:37
2,ID 2,2025-10-10 18:50:37
2,ID 2,2025-10-10 18:50:37
2,ID 2,2025-10-10 18:50:37
2,ID 2,2025-10-10 18:50:37
2,ID 2,2025-10-10 18:50:37
2,ID 2,2025-10-10 18:50:37
2,ID 2,2025-10-10 18:50:37
2,ID 2,2025-10-10 18:50:37
2,ID 2,2025-10-10 18:50:37
2,ID 2,2025-10-10 18:50:37
2,ID 2,2025-10-10 18:50:38
2,ID 2,2025-10-10 18:50:38
2,ID 2,2025-10-10 18:50:38
2,ID 2,2025-10-10 18:50:38
2,ID 2,2025-10-10 18:50:38
2,ID 2,2025-10-10 18:50:38
2,ID 2,2025-10-10 18:50:38
2,ID 2,2025-10-10 18:50:38
2,ID 2,2025-10-10 18:50:38
2,ID 2,2025-10-10 18:50:38
2,ID 2,2025-10-10 18:50:38
2,ID 2,2025-10-10 18:50:38
2,ID 2,2025-10-10 18:50:38
2,ID 2,2025-10-10 18:50:38
2,ID 2,2025-10-10 18:50:38
2,ID 2,2025-10-10 18:50:38
2,ID 2,2025-10-10 18:50:39
2,ID 2,2025-10-10 18:50:39
2,ID 2,2025-10-10 18:50:39
2,ID 2,2025-10-10 18:50:39
2,ID 2,2025-10-10 18:50:39
2,ID 2,2025-10-10 18:50:39
2,ID 2,2025-10-10 18:50:39
2,ID 2,2025-10-10 18:50:39
2,ID 2,2025-10-10 18:50:39
2,ID 2,2025-10-10 18:50:39
2,ID 2,2025-10-10 18:50:39
2,ID 2,2025-10-10 18:50:40
2,ID 2,2025-10-10 18:50:40
2,ID 2,2025-10-10 18:50:40
2,ID 2,2025-10-10 18:50:40
2,ID 2,2025-10-10 18:50:40
2,ID 2,2025-10-10 18:50:40
2,ID 2,2025-10-10 18:50:40
2,ID 2,2025-10-10 18:50:40
2,ID 2,2025-10-10 18:50:40
2,ID 2,2025-10-10 18:50:40
2,ID 2,2025-10-10 18:50:40
2,ID 2,2025-10-10 18:50:41
2,ID 2,2025-10-10 18:50:41
2,ID 2,2025-10-10 18:50:41
2,ID 2,2025-10-10 18:50:41
2,ID 2,2025-10-10 18:50:41
2,ID 2,2025-10-10 18:50:41
2,ID 2,2025-10-10 18:50:41
2,ID 2,2025-10-10 18:50:41
2,ID 2,2025-10-10 18:50:41
2,ID 2,2025-10-10 18:50:42
2,ID 2,2025-10-10 18:50:42
2,ID 2,2025-10-10 18:50:42
2,ID 2,2025-10-10 18:50:42
2,ID 2,2025-10-10 18:50:42
2,ID 2,2025-10-10 18:50:42
2,ID 2,2025-10-10 18:50:43
2,ID 2,2025-10-10 18:50:43
2,ID 2,2025-10-10 18:50:43
2,ID 2,2025-10-10 18:50:43
2,ID 2,2025-10-10 18:50:43
2,ID 2,2025-10-10 18:50:43
2,ID 2,2025-10-10 18:50:43
2,ID 2,2025-10-10 18:50:43
2,ID 2,2025-10-10 18:50:43
2,ID 2,2025-10-10 18:50:43
2,ID 2,2025-10-10 18:50:44
2,ID 2,2025-10-10 18:50:44
2,ID 2,2025-10-10 18:50:44
2,ID 2,2025-10-10 18:50:44
2,ID 2,2025-10-10 18:50:44
2,ID 2,2025-10-10 18:50:44
2,ID 2,2025-10-10 18:50:44
2,ID 2,2025-10-10 18:50:44
2,ID 2,2025-10-10 18:50:45
2,ID 2,2025-10-10 18:50:45
2,ID 2,2025-10-10 18:50:45
2,ID 2,2025-10-10 18:50:45
2,ID 2,2025-10-10 18:50:45
2,ID 2,2025-10-10 18:50:45
2,ID 2,2025-10-10 18:50:45
2,ID 2,2025-10-10 18:50:46
2,ID 2,2025-10-10 18:50:46
2,ID 2,2025-10-10 18:50:46
2,ID 2,2025-10-10 18:50:46
2,ID 2,2025-10-10 18:50:46
2,ID 2,2025-10-10 18:50:46
2,ID 2,2025-10-10 18:50:46
2,ID 2,2025-10-10 18:50:46
2,ID 2,2025-10-10 18:50:46
2,ID 2,2025-10-10 18:50:46
2,ID 2,2025-10-10 18:50:46
2,ID 2,2025-10-10 18:50:46
2,ID 2,2025-10-10 18:50:46
2,ID 2,2025-10-10 18:50:46
2,ID 2,2025-10-10 18:50:47
2,ID 2,2025-10-10 18:50:47
2,ID 2,2025-10-10 18:50:47
2,ID 2,2025-10-10 18:50:47
2,ID 2,2025-10-10 18:50:47
2,ID 2,2025-10-10 18:50:47
2,ID 2,2025-10-10 18:50:47
2,ID 2,2025-10-10 18:50:47
2,ID 2,2025-10-10 18:50:47
2,ID 2,2025-10-10 18:50:47
2,ID 2,2025-10-10 18:50:47
2,ID 2,2025-10-10 18:50:47
2,ID 2,2025-10-10 18:50:47
2,ID 2,2025-10-10 18:50:48
2,ID 2,2025-10-10 18:50:48
2,ID 2,2025-10-10 18:50:48
2,ID 2,2025-10-10 18:50:48
2,ID 2,2025-10-10 18:50:48
2,ID 2,2025-10-10 18:50:48
2,ID 2,2025-10-10 18:50:48
2,ID 2,2025-10-10 18:50:48
2,ID 2,2025-10-10 18:50:48
2,ID 2,2025-10-10 18:50:48
2,ID 2,2025-10-10 18:50:48
2,ID 2,2025-10-10 18:50:49
2,ID 2,2025-10-10 18:50:49
2,ID 2,2025-10-10 18:50:49
2,ID 2,2025-10-10 18:50:49
2,ID 2,2025-10-10 18:50:49
2,ID 2,2025-10-10 18:50:49
2,ID 2,2025-10-10 18:50:49
2,ID 2,2025-10-10 18:50:49
2,ID 2,2025-10-10 18:50:49
2,ID 2,2025-10-10 18:50:50
2,ID 2,2025-10-10 18:50:50
2,ID 2,2025-10-10 18:50:50
2,ID 2,2025-10-10 18:50:50
2,ID 2,2025-10-10 18:50:50
2,ID 2,2025-10-10 18:50:50
2,ID 2,2025-10-10 18:50:50
2,ID 2,2025-10-10 18:50:50
2,ID 2,2025-10-10 18:50:50
2,ID 2,2025-10-10 18:50:50
2,ID 2,2025-10-10 18:50:51
2,ID 2,2025-10-10 18:50:51
2,ID 2,2025-10-10 18:50:51
2,ID 2,2025-10-10 18:50:51
2,ID 2,2025-10-10 18:50:51
2,ID 2,2025-10-10 18:50:51
2,ID 2,2025-10-10 18:50:51
2,ID 2,2025-10-10 18:50:51
2,ID 2,2025-10-10 18:50:51
2,ID 2,2025-10-10 18:50:51
2,ID 2,2025-10-10 18:50:51
2,ID 2,2025-10-10 18:50:51
2,ID 2,2025-10-10 18:50:51
2,ID 2,2025-10-10 18:50:51
2,ID 2,2025-10-10 18:50:51
2,ID 2,2025-10-10 18:50:52
2,ID 2,2025-10-10 18:50:52
2,ID 2,2025-10-10 18:50:52
2,ID 2,2025-10-10 18:50:52
2,ID 2,2025-10-10 18:50:52
2,ID 2,2025-10-10 18:50:52
2,ID 2,2025-10-10 18:50:52
2,ID 2,2025-10-10 18:50:52
2,ID 2,2025-10-10 18:50:52
2,ID 2,2025-10-10 18:50:52
2,ID 2,2025-10-10 18:50:52
2,ID 2,2025-10-10 18:50:52
2,ID 2,2025-10-10 18:50:52
2,ID 2,2025-10-10 18:50:52
2,ID 2,2025-10-10 18:50:53
2,ID 2,2025-10-10 18:50:53
2,ID 2,2025-10-10 18:50:53
2,ID 2,2025-10-10 18:50:53
2,ID 2,2025-10-10 18:50:53
2,ID 2,2025-10-10 18:50:53
2,ID 2,2025-10-10 18:50:53
2,ID 2,2025-10-10 18:50:53
2,ID 2,2025-10-10 18:50:53
2,ID 2,2025-10-10 18:50:53
2,ID 2,2025-10-10 18:50:53
2,ID 2,2025-10-10 18:50:53
2,ID 2,2025-10-10 18:50:53
2,ID 2,2025-10-10 18:50:54
2,ID 2,2025-10-10 18:50:54
2,ID 2,2025-10-10 18:50:54
2,ID 2,2025-10-10 18:50:54
2,ID 2,2025-10-10 18:50:54
2,ID 2,2025-10-10 18:50:54
2,ID 2,2025-10-10 18:50:54
2,ID 2,2025-10-10 18:50:54
2,ID 2,2025-10-10 18:50:54
2,ID 2,2025-10-10 18:50:54
2,ID 2,2025-10-10 18:50:54
2,ID 2,2025-10-10 18:50:54
2,ID 2,2025-10-10 18:50:54
2,ID 2,2025-10-10 18:50:54
2,ID 2,2025-10-10 18:50:54
2,ID 2,2025-10-10 18:50:54
2,ID 2,2025-10-10 18:50:54
2,ID 2,2025-10-10 18:50:54
2,ID 2,2025-10-10 18:50:55
2,ID 2,2025-10-10 18:50:55
2,ID 2,2025-10-10 18:50:55
2,ID 2,2025-10-10 18:50:55
2,ID 2,2025-10-10 18:50:55
2,ID 2,2025-10-10 18:50:55
2,ID 2,2025-10-10 18:50:55
2,ID 2,2025-10-10 18:50:55
2,ID 2,2025-10-10 18:50:55
2,ID 2,2025-10-10 18:50:55
2,ID 2,2025-10-10 18:50:55
2,ID 2,2025-10-10 18:50:55
2,ID 2,2025-10-10 18:50:55
2,ID 2,2025-10-10 18:50:55
2,ID 2,2025-10-10 18:50:56
2,ID 2,2025-10-10 18:50:56
2,ID 2,2025-10-10 18:50:56
2,ID 2,2025-10-10 18:50:56
2,ID 2,2025-10-10 18:50:56
2,ID 2,2025-10-10 18:50:56
2,ID 2,2025-10-10 18:50:56
2,ID 2,2025-10-10 18:50:56
2,ID 2,2025-10-10 18:50:56
2,ID 2,2025-10-10 18:50:56
2,ID 2,2025-10-10 18:50:56
2,ID 2,2025-10-10 18:50:56
0,ID 0,19:00:40 10/10/2025
0,ID 0,19:00:41 10/10/2025
0,ID 0,19:00:41 10/10/2025
0,ID 0,19:00:41 10/10/2025
0,ID 0,19:00:41 10/10/2025
0,ID 0,19:00:41 10/10/2025
0,ID 0,19:00:41 10/10/2025
0,ID 0,19:00:41 10/10/2025
0,ID 0,19:00:41 10/10/2025
0,ID 0,19:00:41 10/10/2025
0,ID 0,19:00:42 10/10/2025
0,ID 0,19:00:42 10/10/2025
0,ID 0,19:00:42 10/10/2025
0,ID 0,19:00:42 10/10/2025
0,ID 0,19:00:42 10/10/2025
0,ID 0,19:00:42 10/10/2025
0,ID 0,19:00:42 10/10/2025
0,ID 0,19:00:42 10/10/2025
0,ID 0,19:00:42 10/10/2025
0,ID 0,19:00:42 10/10/2025
0,ID 0,19:00:42 10/10/2025
0,ID 0,19:00:42 10/10/2025
0,ID 0,19:00:42 10/10/2025
0,ID 0,19:00:42 10/10/2025
0,ID 0,19:00:42 10/10/2025
0,ID 0,19:00:42 10/10/2025
0,ID 0,19:00:42 10/10/2025
0,ID 0,19:00:43 10/10/2025
0,ID 0,19:00:43 10/10/2025
0,ID 0,19:00:43 10/10/2025
0,ID 0,19:00:43 10/10/2025
0,ID 0,19:00:43 10/10/2025
0,ID 0,19:00:43 10/10/2025
0,ID 0,19:00:43 10/10/2025
0,ID 0,19:00:43 10/10/2025
0,ID 0,19:00:43 10/10/2025
0,ID 0,19:00:43 10/10/2025
0,ID 0,19:00:43 10/10/2025
0,ID 0,19:00:43 10/10/2025
0,ID 0,19:00:43 10/10/2025
0,ID 0,19:00:43 10/10/2025
0,ID 0,19:00:43 10/10/2025
0,ID 0,19:00:43 10/10/2025
0,ID 0,19:00:43 10/10/2025
0,ID 0,19:00:44 10/10/2025
0,ID 0,19:00:44 10/10/2025
0,ID 0,19:00:44 10/10/2025
0,ID 0,19:00:44 10/10/2025
0,ID 0,19:00:44 10/10/2025
0,ID 0,19:00:44 10/10/2025
0,ID 0,19:00:44 10/10/2025
0,ID 0,19:00:44 10/10/2025
0,ID 0,19:00:44 10/10/2025
0,ID 0,19:00:44 10/10/2025
0,ID 0,19:00:44 10/10/2025
0,ID 0,19:00:44 10/10/2025
0,ID 0,19:00:44 10/10/2025
0,ID 0,19:00:44 10/10/2025
0,ID 0,19:00:44 10/10/2025
0,ID 0,19:00:44 10/10/2025
0,ID 0,19:00:44 10/10/2025
0,ID 0,19:00:44 10/10/2025
0,ID 0,19:00:44 10/10/2025
0,ID 0,19:00:44 10/10/2025
0,ID 0,19:00:44 10/10/2025
0,ID 0,19:00:44 10/10/2025
0,ID 0,19:00:44 10/10/2025
0,ID 0,19:00:44 10/10/2025
0,ID 0,19:00:45 10/10/2025
0,ID 0,19:00:45 10/10/2025
0,ID 0,19:00:45 10/10/2025
0,ID 0,19:00:45 10/10/2025
0,ID 0,19:00:45 10/10/2025
0,ID 0,19:00:45 10/10/2025
0,ID 0,19:00:45 10/10/2025
0,ID 0,19:00:45 10/10/2025
0,ID 0,19:00:45 10/10/2025
0,ID 0,19:00:45 10/10/2025
0,ID 0,19:00:45 10/10/2025
0,ID 0,19:00:45 10/10/2025
0,ID 0,19:00:45 10/10/2025
0,ID 0,19:00:45 10/10/2025
0,ID 0,19:00:45 10/10/2025
0,ID 0,19:00:45 10/10/2025
0,ID 0,19:00:45 10/10/2025
0,ID 0,19:00:45 10/10/2025
0,ID 0,19:00:45 10/10/2025
0,ID 0,19:00:45 10/10/2025
0,ID 0,19:00:45 10/10/2025
0,ID 0,19:00:45 10/10/2025
0,ID 0,19:00:45 10/10/2025
0,ID 0,19:00:45 10/10/2025
0,ID 0,19:00:45 10/10/2025
0,ID 0,19:00:45 10/10/2025
0,ID 0,19:00:45 10/10/2025
0,ID 0,19:00:45 10/10/2025
0,ID 0,19:00:46 10/10/2025
0,ID 0,19:00:46 10/10/2025
0,ID 0,19:00:46 10/10/2025
0,ID 0,19:00:46 10/10/2025
0,ID 0,19:00:46 10/10/2025
0,ID 0,19:00:46 10/10/2025
0,ID 0,19:00:46 10/10/2025
0,ID 0,19:00:46 10/10/2025
0,ID 0,19:00:46 10/10/2025
0,ID 0,19:00:46 10/10/2025
0,ID 0,19:00:46 10/10/2025
0,ID 0,19:00:46 10/10/2025
0,ID 0,19:00:46 10/10/2025
0,ID 0,19:00:46 10/10/2025
0,ID 0,19:00:46 10/10/2025
0,ID 0,19:00:46 10/10/2025
0,ID 0,19:00:46 10/10/2025
0,ID 0,19:00:46 10/10/2025
0,ID 0,19:00:46 10/10/2025
0,ID 0,19:00:46 10/10/2025
0,ID 0,19:00:46 10/10/2025
0,ID 0,19:00:46 10/10/2025
0,ID 0,19:00:46 10/10/2025
0,ID 0,19:00:46 10/10/2025
0,ID 0,19:00:46 10/10/2025
0,ID 0,19:00:47 10/10/2025
0,ID 0,19:00:47 10/10/2025
0,ID 0,19:00:47 10/10/2025
0,ID 0,19:00:47 10/10/2025
0,ID 0,19:00:47 10/10/2025
0,ID 0,19:00:47 10/10/2025
0,ID 0,19:00:47 10/10/2025
0,ID 0,19:00:47 10/10/2025
0,ID 0,19:00:47 10/10/2025
0,ID 0,19:00:47 10/10/2025
0,ID 0,19:00:47 10/10/2025
0,ID 0,19:00:47 10/10/2025
0,ID 0,19:00:47 10/10/2025
0,ID 0,19:00:47 10/10/2025
0,ID 0,19:00:47 10/10/2025
0,ID 0,19:00:47 10/10/2025
0,ID 0,19:00:47 10/10/2025
0,ID 0,19:00:47 10/10/2025
0,ID 0,19:00:47 10/10/2025
0,ID 0,19:00:48 10/10/2025
0,ID 0,19:00:48 10/10/2025
0,ID 0,19:00:48 10/10/2025
0,ID 0,19:00:48 10/10/2025
0,ID 0,19:00:48 10/10/2025
0,ID 0,19:00:48 10/10/2025
0,ID 0,19:00:48 10/10/2025
0,ID 0,19:00:48 10/10/2025
0,ID 0,19:00:48 10/10/2025
0,ID 0,19:00:48 10/10/2025
0,ID 0,19:00:48 10/10/2025
0,ID 0,19:00:48 10/10/2025
0,ID 0,19:00:48 10/10/2025
0,ID 0,19:00:48 10/10/2025
0,ID 0,19:00:48 10/10/2025
0,ID 0,19:00:48 10/10/2025
0,ID 0,19:00:48 10/10/2025
0,ID 0,19:00:48 10/10/2025
0,ID 0,19:00:48 10/10/2025
0,ID 0,19:00:48 10/10/2025
0,ID 0,19:00:48 10/10/2025
0,ID 0,19:00:48 10/10/2025
0,ID 0,19:00:48 10/10/2025
0,ID 0,19:00:48 10/10/2025
0,ID 0,19:00:48 10/10/2025
0,ID 0,19:00:49 10/10/2025
0,ID 0,19:00:49 10/10/2025
0,ID 0,19:00:49 10/10/2025
0,ID 0,19:00:49 10/10/2025
0,ID 0,19:00:49 10/10/2025
0,ID 0,19:00:49 10/10/2025
0,ID 0,19:00:49 10/10/2025
0,ID 0,19:00:49 10/10/2025
0,ID 0,19:00:49 10/10/2025
0,ID 0,19:00:49 10/10/2025
0,ID 0,19:00:49 10/10/2025
0,ID 0,19:00:49 10/10/2025
0,ID 0,19:00:49 10/10/2025
0,ID 0,19:00:49 10/10/2025
0,ID 0,19:00:49 10/10/2025
0,ID 0,19:00:49 10/10/2025
0,ID 0,19:00:49 10/10/2025
0,ID 0,19:00:49 10/10/2025
0,ID 0,19:00:49 10/10/2025
0,ID 0,19:00:49 10/10/2025
0,ID 0,19:00:49 10/10/2025
0,ID 0,19:00:49 10/10/2025
0,ID 0,19:00:50 10/10/2025
0,ID 0,19:00:50 10/10/2025
0,ID 0,19:00:50 10/10/2025
0,ID 0,19:00:50 10/10/2025
0,ID 0,19:00:50 10/10/2025
0,ID 0,19:00:50 10/10/2025
0,ID 0,19:00:50 10/10/2025
0,ID 0,19:00:50 10/10/2025
0,ID 0,19:00:50 10/10/2025
0,ID 0,19:00:50 10/10/2025
0,ID 0,19:00:50 10/10/2025
0,ID 0,19:00:50 10/10/2025
0,ID 0,19:00:50 10/10/2025
0,ID 0,19:00:50 10/10/2025
0,ID 0,19:00:50 10/10/2025
0,ID 0,19:00:50 10/10/2025
0,ID 0,19:00:50 10/10/2025
0,ID 0,19:00:51 10/10/2025
0,ID 0,19:00:51 10/10/2025
0,ID 0,19:00:51 10/10/2025
0,ID 0,19:00:51 10/10/2025
0,ID 0,19:00:51 10/10/2025
0,ID 0,19:00:51 10/10/2025
0,ID 0,19:00:51 10/10/2025
0,ID 0,19:00:51 10/10/2025
0,ID 0,19:00:51 10/10/2025
0,ID 0,19:00:51 10/10/2025
0,ID 0,19:00:51 10/10/2025
0,ID 0,19:00:51 10/10/2025
0,ID 0,19:00:51 10/10/2025
0,ID 0,19:00:52 10/10/2025
0,ID 0,19:00:52 10/10/2025
0,ID 0,19:00:52 10/10/2025
0,ID 0,19:00:52 10/10/2025
0,ID 0,19:00:52 10/10/2025
0,ID 0,19:00:52 10/10/2025
0,ID 0,19:00:52 10/10/2025
0,ID 0,19:00:52 10/10/2025
0,ID 0,19:00:52 10/10/2025
0,ID 0,19:00:52 10/10/2025
0,ID 0,19:00:52 10/10/2025
0,ID 0,19:00:52 10/10/2025
0,ID 0,19:00:52 10/10/2025
0,ID 0,19:00:52 10/10/2025
0,ID 0,19:00:52 10/10/2025
0,ID 0,19:00:52 10/10/2025
0,ID 0,19:00:52 10/10/2025
0,ID 0,19:00:52 10/10/2025
0,ID 0,19:00:52 10/10/2025
0,ID 0,19:00:52 10/10/2025
0,ID 0,19:00:52 10/10/2025
0,ID 0,19:00:52 10/10/2025
0,ID 0,19:00:55 10/10/2025
0,ID 0,19:00:55 10/10/2025
0,ID 0,19:00:55 10/10/2025
0,ID 0,19:00:55 10/10/2025
0,ID 0,19:00:55 10/10/2025
0,ID 0,19:00:55 10/10/2025
0,ID 0,19:00:55 10/10/2025
0,ID 0,19:00:56 10/10/2025
0,ID 0,19:00:56 10/10/2025
0,ID 0,19:00:56 10/10/2025
0,ID 0,19:00:57 10/10/2025
0,ID 0,19:00:57 10/10/2025
0,ID 0,19:00:58 10/10/2025
0,ID 0,19:00:58 10/10/2025
0,ID 0,19:00:58 10/10/2025
0,ID 0,19:00:59 10/10/2025
0,ID 0,19:00:59 10/10/2025
0,ID 0,19:00:59 10/10/2025
0,ID 0,19:00:59 10/10/2025
0,ID 0,19:00:59 10/10/2025
0,ID 0,19:00:59 10/10/2025
0,ID 0,19:00:59 10/10/2025
0,ID 0,19:00:59 10/10/2025
0,ID 0,19:00:59 10/10/2025
0,ID 0,19:00:59 10/10/2025
0,ID 0,19:01:00 10/10/2025
0,ID 0,19:01:00 10/10/2025
0,ID 0,19:01:00 10/10/2025
0,ID 0,19:01:00 10/10/2025
0,ID 0,19:01:02 10/10/2025
0,ID 0,19:01:02 10/10/2025
0,ID 0,19:01:02 10/10/2025
0,ID 0,19:01:02 10/10/2025
0,ID 0,19:01:03 10/10/2025
0,ID 0,19:01:03 10/10/2025
0,ID 0,19:01:03 10/10/2025
0,ID 0,19:01:03 10/10/2025
0,ID 0,19:01:04 10/10/2025
0,ID 0,19:01:04 10/10/2025
0,ID 0,19:01:04 10/10/2025
0,ID 0,19:01:04 10/10/2025
0,ID 0,19:01:04 10/10/2025
0,ID 0,19:01:04 10/10/2025
0,ID 0,19:01:04 10/10/2025
0,ID 0,19:01:04 10/10/2025
0,ID 0,19:01:04 10/10/2025
0,ID 0,19:01:05 10/10/2025
0,ID 0,19:01:05 10/10/2025
0,ID 0,19:01:05 10/10/2025
0,ID 0,19:01:05 10/10/2025
0,ID 0,19:01:05 10/10/2025
0,ID 0,19:01:05 10/10/2025
0,ID 0,19:01:06 10/10/2025
0,ID 0,19:01:06 10/10/2025
0,ID 0,19:01:06 10/10/2025
0,ID 0,19:01:06 10/10/2025
0,ID 0,19:01:06 10/10/2025
0,ID 0,19:01:06 10/10/2025
0,ID 0,19:01:06 10/10/2025
0,ID 0,19:01:06 10/10/2025
0,ID 0,19:01:06 10/10/2025
0,ID 0,19:01:06 10/10/2025
0,ID 0,19:01:06 10/10/2025
0,ID 0,19:01:06 10/10/2025
0,ID 0,19:01:06 10/10/2025
0,ID 0,19:01:06 10/10/2025
0,ID 0,19:01:06 10/10/2025
0,ID 0,19:01:06 10/10/2025
0,ID 0,19:01:06 10/10/2025
0,ID 0,19:01:06 10/10/2025
0,ID 0,19:01:06 10/10/2025
0,ID 0,19:01:06 10/10/2025
0,ID 0,19:01:06 10/10/2025
0,ID 0,19:01:06 10/10/2025
0,ID 0,19:01:07 10/10/2025
0,ID 0,19:01:07 10/10/2025
0,ID 0,19:01:07 10/10/2025
0,ID 0,19:01:07 10/10/2025
0,ID 0,19:01:07 10/10/2025
0,ID 0,19:01:07 10/10/2025
0,ID 0,19:01:07 10/10/2025
0,ID 0,19:01:07 10/10/2025
0,ID 0,19:01:07 10/10/2025
0,ID 0,19:01:07 10/10/2025
0,ID 0,19:01:07 10/10/2025
0,ID 0,19:01:07 10/10/2025
0,ID 0,19:01:07 10/10/2025
0,ID 0,19:01:07 10/10/2025
0,ID 0,19:01:07 10/10/2025
0,ID 0,19:01:07 10/10/2025
0,ID 0,19:01:07 10/10/2025
0,ID 0,19:01:07 10/10/2025
0,ID 0,19:01:07 10/10/2025
0,ID 0,19:01:07 10/10/2025
0,ID 0,19:01:07 10/10/2025
0,ID 0,19:01:07 10/10/2025
0,ID 0,19:01:07 10/10/2025
0,ID 0,19:01:07 10/10/2025
0,ID 0,19:01:07 10/10/2025
0,ID 0,19:01:08 10/10/2025
0,ID 0,19:01:08 10/10/2025
0,ID 0,19:01:08 10/10/2025
0,ID 0,19:01:08 10/10/2025
0,ID 0,19:01:08 10/10/2025
0,ID 0,19:01:08 10/10/2025
0,ID 0,19:01:08 10/10/2025
0,ID 0,19:01:08 10/10/2025
0,ID 0,19:01:08 10/10/2025
0,ID 0,19:01:08 10/10/2025
0,ID 0,19:01:08 10/10/2025
0,ID 0,19:01:08 10/10/2025
0,ID 0,19:01:08 10/10/2025
0,ID 0,19:01:08 10/10/2025
0,ID 0,19:01:08 10/10/2025
0,ID 0,19:01:08 10/10/2025
0,ID 0,19:01:08 10/10/2025
0,ID 0,19:01:08 10/10/2025
0,ID 0,19:01:08 10/10/2025
0,ID 0,19:01:08 10/10/2025
0,ID 0,19:01:08 10/10/2025
0,ID 0,19:01:08 10/10/2025
0,ID 0,19:01:08 10/10/2025
0,ID 0,19:01:09 10/10/2025
0,ID 0,19:01:09 10/10/2025
0,ID 0,19:01:09 10/10/2025
0,ID 0,19:01:09 10/10/2025
0,ID 0,19:01:09 10/10/2025
0,ID 0,19:01:09 10/10/2025
0,ID 0,19:01:09 10/10/2025
0,ID 0,19:01:09 10/10/2025
0,ID 0,19:01:09 10/10/2025
0,ID 0,19:01:09 10/10/2025
0,ID 0,19:01:09 10/10/2025
0,ID 0,19:01:09 10/10/2025
0,ID 0,19:01:09 10/10/2025
0,ID 0,19:01:09 10/10/2025
0,ID 0,19:01:09 10/10/2025
0,ID 0,19:01:09 10/10/2025
0,ID 0,19:01:09 10/10/2025
0,ID 0,19:01:09 10/10/2025
0,ID 0,19:01:09 10/10/2025
0,ID 0,19:01:09 10/10/2025
0,ID 0,19:01:10 10/10/2025
0,ID 0,19:01:10 10/10/2025
0,ID 0,19:01:10 10/10/2025
0,ID 0,19:01:10 10/10/2025
0,ID 0,19:01:10 10/10/2025
0,ID 0,19:01:10 10/10/2025
0,ID 0,19:01:10 10/10/2025
0,ID 0,19:01:10 10/10/2025
0,ID 0,19:01:10 10/10/2025
0,ID 0,19:01:10 10/10/2025
0,ID 0,19:01:10 10/10/2025
0,ID 0,19:01:10 10/10/2025
0,ID 0,19:01:10 10/10/2025
0,ID 0,19:01:10 10/10/2025
0,ID 0,19:01:10 10/10/2025
0,ID 0,19:01:11 10/10/2025
0,ID 0,19:01:11 10/10/2025
0,ID 0,19:01:11 10/10/2025
0,ID 0,19:01:11 10/10/2025
0,ID 0,19:01:11 10/10/2025
0,ID 0,19:01:11 10/10/2025
0,ID 0,19:01:11 10/10/2025
0,ID 0,19:01:11 10/10/2025
0,ID 0,19:01:11 10/10/2025
0,ID 0,19:01:11 10/10/2025
0,ID 0,19:01:11 10/10/2025
0,ID 0,19:01:11 10/10/2025
0,ID 0,19:01:11 10/10/2025
0,ID 0,19:01:11 10/10/2025
0,ID 0,19:01:11 10/10/2025
0,ID 0,19:01:12 10/10/2025
0,ID 0,19:01:12 10/10/2025
0,ID 0,19:01:12 10/10/2025
0,ID 0,19:01:12 10/10/2025
0,ID 0,19:01:12 10/10/2025
0,ID 0,19:01:12 10/10/2025
0,ID 0,19:01:12 10/10/2025
2,bao,19:02:23 10/10/2025
2,bao,19:02:23 10/10/2025
2,bao,19:02:23 10/10/2025
2,bao,19:02:23 10/10/2025
2,bao,19:02:23 10/10/2025
2,bao,19:02:23 10/10/2025
2,bao,19:02:23 10/10/2025
2,bao,19:02:24 10/10/2025
2,bao,19:02:24 10/10/2025
2,bao,19:02:25 10/10/2025
2,bao,19:02:25 10/10/2025
2,bao,19:02:25 10/10/2025
2,bao,19:02:25 10/10/2025
2,bao,19:02:25 10/10/2025
2,bao,19:02:25 10/10/2025
2,bao,19:02:25 10/10/2025
2,bao,19:02:25 10/10/2025
2,bao,19:02:25 10/10/2025
2,bao,19:02:25 10/10/2025
2,bao,19:02:25 10/10/2025
2,bao,19:02:26 10/10/2025
2,bao,19:02:26 10/10/2025
2,bao,19:02:26 10/10/2025
2,bao,19:02:26 10/10/2025
2,bao,19:02:26 10/10/2025
2,bao,19:02:26 10/10/2025
2,bao,19:02:26 10/10/2025
2,bao,19:02:26 10/10/2025
2,bao,19:02:26 10/10/2025
2,bao,19:02:26 10/10/2025
2,bao,19:02:26 10/10/2025
2,bao,19:02:26 10/10/2025
2,bao,19:02:26 10/10/2025
2,bao,19:02:27 10/10/2025
2,bao,19:02:27 10/10/2025
2,bao,19:02:27 10/10/2025
2,bao,19:02:27 10/10/2025
2,bao,19:02:27 10/10/2025
2,bao,19:02:27 10/10/2025
2,bao,19:02:27 10/10/2025
2,bao,19:02:27 10/10/2025
2,bao,19:02:27 10/10/2025
2,bao,19:02:27 10/10/2025
2,bao,19:02:27 10/10/2025
2,bao,19:02:28 10/10/2025
2,bao,19:02:28 10/10/2025
2,bao,19:02:28 10/10/2025
2,bao,19:02:28 10/10/2025
2,bao,19:02:28 10/10/2025
2,bao,19:02:28 10/10/2025
2,bao,19:02:28 10/10/2025
2,bao,19:02:28 10/10/2025
2,bao,19:02:28 10/10/2025
2,bao,19:02:28 10/10/2025
2,bao,19:02:28 10/10/2025
2,bao,19:02:28 10/10/2025
2,bao,19:02:28 10/10/2025
2,bao,19:02:29 10/10/2025
2,bao,19:02:29 10/10/2025
2,bao,19:02:29 10/10/2025
2,bao,19:02:29 10/10/2025
2,bao,19:02:29 10/10/2025
2,bao,19:02:29 10/10/2025
2,bao,19:02:29 10/10/2025
2,bao,19:02:29 10/10/2025
2,bao,19:02:29 10/10/2025
2,bao,19:02:29 10/10/2025
2,bao,19:02:29 10/10/2025
2,bao,19:02:29 10/10/2025
2,bao,19:02:29 10/10/2025
2,bao,19:02:29 10/10/2025
2,bao,19:02:29 10/10/2025
2,bao,19:02:29 10/10/2025
2,bao,19:02:29 10/10/2025
2,bao,19:02:29 10/10/2025
2,bao,19:02:29 10/10/2025
2,bao,19:02:29 10/10/2025
2,bao,19:02:29 10/10/2025
2,bao,19:02:29 10/10/2025
2,bao,19:02:29 10/10/2025
2,bao,19:02:29 10/10/2025
2,bao,19:02:29 10/10/2025
2,bao,19:02:29 10/10/2025
2,bao,19:02:29 10/10/2025
2,bao,19:02:29 10/10/2025
2,bao,19:02:29 10/10/2025
2,bao,19:02:29 10/10/2025
2,bao,19:02:30 10/10/2025
2,bao,19:02:30 10/10/2025
2,bao,19:02:30 10/10/2025
2,bao,19:02:30 10/10/2025
2,bao,19:02:30 10/10/2025
2,bao,19:02:30 10/10/2025
2,bao,19:02:30 10/10/2025
2,bao,19:02:30 10/10/2025
2,bao,19:02:30 10/10/2025
2,bao,19:02:30 10/10/2025
2,bao,19:02:30 10/10/2025
2,bao,19:02:30 10/10/2025
2,bao,19:02:30 10/10/2025
2,bao,19:02:30 10/10/2025
2,bao,19:02:30 10/10/2025
2,bao,19:02:30 10/10/2025
2,bao,19:02:30 10/10/2025
2,bao,19:02:30 10/10/2025
2,bao,19:02:30 10/10/2025
2,bao,19:02:30 10/10/2025
2,bao,19:02:30 10/10/2025
2,bao,19:02:30 10/10/2025
2,bao,19:02:31 10/10/2025
2,bao,19:02:31 10/10/2025
2,bao,19:02:31 10/10/2025
2,bao,19:02:31 10/10/2025
2,bao,19:02:31 10/10/2025
2,bao,19:02:31 10/10/2025
2,bao,19:02:31 10/10/2025
2,bao,19:02:31 10/10/2025
2,bao,19:02:31 10/10/2025
2,bao,19:02:31 10/10/2025
2,bao,19:02:31 10/10/2025
2,bao,19:02:31 10/10/2025
2,bao,19:02:31 10/10/2025
2,bao,19:02:32 10/10/2025
2,bao,19:02:32 10/10/2025
2,bao,19:02:32 10/10/2025
2,bao,19:02:33 10/10/2025
2,bao,19:02:33 10/10/2025
2,bao,19:02:33 10/10/2025
2,bao,19:02:33 10/10/2025
2,bao,19:02:33 10/10/2025
2,bao,19:02:33 10/10/2025
2,bao,19:02:33 10/10/2025
2,bao,19:02:33 10/10/2025
2,bao,19:02:33 10/10/2025
2,bao,19:02:33 10/10/2025
2,bao,19:02:33 10/10/2025
2,bao,19:02:33 10/10/2025
2,bao,19:02:33 10/10/2025
2,bao,19:02:33 10/10/2025
2,bao,19:02:33 10/10/2025
2,bao,19:02:33 10/10/2025
2,bao,19:02:33 10/10/2025
2,bao,19:02:33 10/10/2025
2,bao,19:02:33 10/10/2025
2,bao,19:02:33 10/10/2025
2,bao,19:02:33 10/10/2025
2,bao,19:02:33 10/10/2025
2,bao,19:02:33 10/10/2025
2,bao,19:02:33 10/10/2025
2,bao,19:02:34 10/10/2025
2,bao,19:02:34 10/10/2025
2,bao,19:02:34 10/10/2025
2,bao,19:02:34 10/10/2025
2,bao,19:02:34 10/10/2025
2,bao,19:02:34 10/10/2025
2,bao,19:02:34 10/10/2025
2,bao,19:02:34 10/10/2025
2,bao,19:02:34 10/10/2025
2,bao,19:02:34 10/10/2025
2,bao,19:02:34 10/10/2025
2,bao,19:02:34 10/10/2025
2,bao,19:02:34 10/10/2025
2,bao,19:02:34 10/10/2025
2,bao,19:02:34 10/10/2025
2,bao,19:02:34 10/10/2025
2,bao,19:02:34 10/10/2025
2,bao,19:02:34 10/10/2025
2,bao,19:02:34 10/10/2025
2,bao,19:02:34 10/10/2025
2,bao,19:02:34 10/10/2025
2,bao,19:02:35 10/10/2025
2,bao,19:02:35 10/10/2025
2,bao,19:02:35 10/10/2025
2,bao,19:02:35 10/10/2025
2,bao,19:02:35 10/10/2025
2,bao,19:02:35 10/10/2025
2,bao,19:02:35 10/10/2025
2,bao,19:02:35 10/10/2025
2,bao,19:02:35 10/10/2025
2,bao,19:02:35 10/10/2025
2,bao,19:02:35 10/10/2025
2,bao,19:02:35 10/10/2025
2,bao,19:02:35 10/10/2025
2,bao,19:02:35 10/10/2025
2,bao,19:02:35 10/10/2025
2,bao,19:02:35 10/10/2025
2,bao,19:02:35 10/10/2025
2,bao,19:02:35 10/10/2025
2,bao,19:02:36 10/10/2025
2,bao,19:02:36 10/10/2025
2,bao,19:02:36 10/10/2025
2,bao,19:02:36 10/10/2025
2,bao,19:02:36 10/10/2025
2,bao,19:02:36 10/10/2025
2,bao,19:02:36 10/10/2025
2,bao,19:02:36 10/10/2025
2,bao,19:02:36 10/10/2025
2,bao,19:02:36 10/10/2025
2,bao,19:02:37 10/10/2025
2,bao,19:02:37 10/10/2025
2,bao,19:02:37 10/10/2025
2,bao,19:02:37 10/10/2025
2,bao,19:02:37 10/10/2025
2,bao,19:02:37 10/10/2025
2,bao,19:02:37 10/10/2025
2,bao,19:02:37 10/10/2025
2,bao,19:02:37 10/10/2025
2,bao,19:02:37 10/10/2025
2,bao,19:02:37 10/10/2025
2,bao,19:02:37 10/10/2025
2,bao,19:02:37 10/10/2025
2,bao,19:02:37 10/10/2025
2,bao,19:02:37 10/10/2025
2,bao,19:02:37 10/10/2025
2,bao,19:02:37 10/10/2025
2,bao,19:02:37 10/10/2025
2,bao,19:02:37 10/10/2025
2,bao,19:02:37 10/10/2025
2,bao,19:02:37 10/10/2025
2,bao,19:02:37 10/10/2025
2,bao,19:02:37 10/10/2025
2,bao,19:02:37 10/10/2025
2,bao,19:02:38 10/10/2025
2,bao,19:02:38 10/10/2025
2,bao,19:02:38 10/10/2025
2,bao,19:02:38 10/10/2025
2,bao,19:02:38 10/10/2025
2,bao,19:02:38 10/10/2025
2,bao,19:02:38 10/10/2025
2,bao,19:02:38 10/10/2025
2,bao,19:02:38 10/10/2025
2,bao,19:02:38 10/10/2025
2,bao,19:02:38 10/10/2025
2,bao,19:02:38 10/10/2025
2,bao,19:02:38 10/10/2025
2,bao,19:02:38 10/10/2025
2,bao,19:02:38 10/10/2025
2,bao,19:02:38 10/10/2025
2,bao,19:02:38 10/10/2025
2,bao,19:02:38 10/10/2025
2,bao,19:02:38 10/10/2025
2,bao,19:02:38 10/10/2025
2,bao,19:02:38 10/10/2025
2,bao,19:02:38 10/10/2025
2,bao,19:02:38 10/10/2025
2,bao,19:02:38 10/10/2025
2,bao,19:02:39 10/10/2025
2,bao,19:02:39 10/10/2025
2,bao,19:02:39 10/10/2025
2,bao,19:02:39 10/10/2025
2,bao,19:02:39 10/10/2025
2,bao,19:02:39 10/10/2025
2,bao,19:02:39 10/10/2025
2,bao,19:02:39 10/10/2025
2,bao,19:02:39 10/10/2025
2,bao,19:02:39 10/10/2025
2,bao,19:02:39 10/10/2025
2,bao,19:02:39 10/10/2025
2,bao,19:02:39 10/10/2025
2,bao,19:02:39 10/10/2025
2,bao,19:02:39 10/10/2025
2,bao,19:02:39 10/10/2025
2,bao,19:02:39 10/10/2025
2,bao,19:02:39 10/10/2025
2,bao,19:02:39 10/10/2025
2,bao,19:02:39 10/10/2025
2,bao,19:02:40 10/10/2025
2,bao,19:02:40 10/10/2025
2,bao,19:02:40 10/10/2025
2,bao,19:02:40 10/10/2025
2,bao,19:02:40 10/10/2025
2,bao,19:02:40 10/10/2025
2,bao,19:02:40 10/10/2025
2,bao,19:02:40 10/10/2025
2,bao,19:02:40 10/10/2025
2,bao,19:02:40 10/10/2025
2,bao,19:02:40 10/10/2025
2,bao,19:02:40 10/10/2025
2,bao,19:02:40 10/10/2025
2,bao,19:02:40 10/10/2025
2,bao,19:02:40 10/10/2025
2,bao,19:02:40 10/10/2025
2,bao,19:02:40 10/10/2025
2,bao,19:02:40 10/10/2025
2,bao,19:02:40 10/10/2025
2,bao,19:02:40 10/10/2025
2,bao,19:02:40 10/10/2025
2,bao,2025-10-10 19:03:54
2,bao,2025-10-10 19:05:25
2,bao,2025-10-10 19:05:43
2,bao,2025-10-10 19:07:04
0,Unknown,2025-10-11 17:24:37
1,Unknown,2025-10-11 17:26:39
1,Unknown,2025-10-11 17:30:22
2,Chinh,2025-10-11 17:33:47
1,Unknown,2025-10-11 17:52:29
2,Chinh,2025-10-11 17:52:44
1,Unknown,2025-10-11 17:54:25
1,Unknown,2025-10-11 17:56:14
3,Phuc,2025-10-11 17:58:28
1,Unknown,2025-10-11 18:44:39
1,Unknown,2025-10-11 18:44:53
1,Unknown,2025-10-11 18:45:04
2,Chinh,2025-10-11 18:45:26
